sale_id,date,medicine_id,quantity_sold,unit_price_fcfa,total_amount_fcfa,customer_type
SALE-1001,2026-09-20,MED-001,4,2500,10000,Walk-in Patient
SALE-1002,2026-09-20,MED-002,6,1800,10800,Prescription
SALE-1003,2026-09-20,MED-003,8,1400,11200,Walk-in Patient
SALE-1004,2026-09-21,MED-001,5,2500,12500,Walk-in Patient
SALE-1005,2026-09-21,MED-004,3,3200,9600,Prescription
SALE-1006,2026-09-21,MED-005,4,2400,9600,Prescription
SALE-1007,2026-09-22,MED-002,5,1800,9000,Walk-in Patient
SALE-1008,2026-09-22,MED-003,10,1400,14000,Walk-in Patient
SALE-1009,2026-09-22,MED-007,6,1700,10200,Walk-in Patient
SALE-1010,2026-09-23,MED-001,6,2500,15000,Walk-in Patient
SALE-1011,2026-09-23,MED-006,3,4800,14400,Prescription
SALE-1012,2026-09-23,MED-011,2,6500,13000,Clinic Referral
SALE-1013,2026-09-24,MED-002,7,1800,12600,Prescription
SALE-1014,2026-09-24,MED-005,3,2400,7200,Prescription
SALE-1015,2026-09-24,MED-009,2,5500,11000,Prescription
SALE-1016,2026-09-25,MED-001,7,2500,17500,Walk-in Patient
SALE-1017,2026-09-25,MED-003,12,1400,16800,Walk-in Patient
SALE-1018,2026-09-25,MED-004,4,3200,12800,Prescription
SALE-1019,2026-09-25,MED-015,3,6000,18000,Prescription
SALE-1020,2026-09-26,MED-001,8,2500,20000,Walk-in Patient
SALE-1021,2026-09-26,MED-002,6,1800,10800,Prescription
SALE-1022,2026-09-26,MED-008,10,500,5000,Walk-in Patient
SALE-1023,2026-09-26,MED-010,5,2100,10500,Walk-in Patient
SALE-1024,2026-09-27,MED-001,6,2500,15000,Walk-in Patient
SALE-1025,2026-09-27,MED-002,5,1800,9000,Prescription
SALE-1026,2026-09-27,MED-005,3,2400,7200,Prescription
SALE-1027,2026-09-27,MED-011,2,6500,13000,Clinic Referral
SALE-1028,2026-09-27,MED-015,2,6000,12000,Prescription
