sale_id,pharmacy_id,medicine_id,quantity,unit_price_fcfa,total_amount_fcfa,date,customer_type
SALE-1001,PHARM-DLA-001,MED-001,4,2500,10000,2026-09-20,Walk-in Patient
SALE-1002,PHARM-DLA-001,MED-002,6,1800,10800,2026-09-20,Prescription
SALE-1003,PHARM-DLA-001,MED-003,8,1400,11200,2026-09-20,Walk-in Patient
SALE-1004,PHARM-DLA-001,MED-016,5,7200,36000,2026-09-20,Chronic Care Patient
SALE-1005,PHARM-DLA-001,MED-001,5,2500,12500,2026-09-21,Walk-in Patient
SALE-1006,PHARM-DLA-001,MED-004,3,3200,9600,2026-09-21,Prescription
SALE-1007,PHARM-DLA-001,MED-005,4,2400,9600,2026-09-21,Prescription
SALE-1008,PHARM-DLA-001,MED-016,5,7200,36000,2026-09-21,Chronic Care Patient
SALE-1009,PHARM-DLA-001,MED-002,5,1800,9000,2026-09-22,Walk-in Patient
SALE-1010,PHARM-DLA-001,MED-003,10,1400,14000,2026-09-22,Walk-in Patient
SALE-1011,PHARM-DLA-001,MED-007,6,1700,10200,2026-09-22,Walk-in Patient
SALE-1012,PHARM-DLA-001,MED-016,5,7200,36000,2026-09-22,Chronic Care Patient
SALE-1013,PHARM-DLA-001,MED-001,6,2500,15000,2026-09-23,Walk-in Patient
SALE-1014,PHARM-DLA-001,MED-006,3,4800,14400,2026-09-23,Prescription
SALE-1015,PHARM-DLA-001,MED-011,2,6500,13000,2026-09-23,Clinic Referral
SALE-1016,PHARM-DLA-001,MED-016,5,7200,36000,2026-09-23,Chronic Care Patient
SALE-1017,PHARM-DLA-001,MED-002,7,1800,12600,2026-09-24,Prescription
SALE-1018,PHARM-DLA-001,MED-005,3,2400,7200,2026-09-24,Prescription
SALE-1019,PHARM-DLA-001,MED-009,2,5500,11000,2026-09-24,Prescription
SALE-1020,PHARM-DLA-001,MED-016,5,7200,36000,2026-09-24,Chronic Care Patient
SALE-1021,PHARM-DLA-001,MED-001,7,2500,17500,2026-09-25,Walk-in Patient
SALE-1022,PHARM-DLA-001,MED-003,12,1400,16800,2026-09-25,Walk-in Patient
SALE-1023,PHARM-DLA-001,MED-004,4,3200,12800,2026-09-25,Prescription
SALE-1024,PHARM-DLA-001,MED-015,3,6000,18000,2026-09-25,Prescription
SALE-1025,PHARM-DLA-001,MED-016,5,7200,36000,2026-09-25,Chronic Care Patient
SALE-1026,PHARM-DLA-001,MED-001,8,2500,20000,2026-09-26,Walk-in Patient
SALE-1027,PHARM-DLA-001,MED-002,6,1800,10800,2026-09-26,Prescription
SALE-1028,PHARM-DLA-001,MED-008,10,500,5000,2026-09-26,Walk-in Patient
SALE-1029,PHARM-DLA-001,MED-010,5,2100,10500,2026-09-26,Walk-in Patient
SALE-1030,PHARM-DLA-001,MED-016,5,7200,36000,2026-09-26,Chronic Care Patient
SALE-1031,PHARM-DLA-001,MED-001,6,2500,15000,2026-09-27,Walk-in Patient
SALE-1032,PHARM-DLA-001,MED-002,5,1800,9000,2026-09-27,Prescription
SALE-1033,PHARM-DLA-001,MED-005,3,2400,7200,2026-09-27,Prescription
SALE-1034,PHARM-DLA-001,MED-011,2,6500,13000,2026-09-27,Clinic Referral
SALE-1035,PHARM-DLA-001,MED-015,2,6000,12000,2026-09-27,Prescription
SALE-1036,PHARM-DLA-001,MED-016,5,7200,36000,2026-09-27,Chronic Care Patient
